-- =========================================================
-- QnA 더미데이터 (2025-11-07)  by GPT-5 Thinking
-- =========================================================
SET SQL_SAFE_UPDATES = 0;
SET FOREIGN_KEY_CHECKS = 0;

-- 깔끔한 재삽입을 원하면 주석 해제해서 TRUNCATE 사용
TRUNCATE TABLE answer_comments;
TRUNCATE TABLE question_comments;
TRUNCATE TABLE answer_votes;
TRUNCATE TABLE question_votes;
TRUNCATE TABLE question_tags;
TRUNCATE TABLE answers;
TRUNCATE TABLE questions;
TRUNCATE TABLE tags;

SET FOREIGN_KEY_CHECKS = 1;

START TRANSACTION;

-- ---------------------------------------------------------
-- 1) 태그
-- ---------------------------------------------------------
INSERT INTO tags (id, name, description, use_count, created_at, updated_at, is_deleted, deleted_at)
VALUES
    (1, 'java',   'Java 프로그래밍 언어 관련 질문',               0, '2025-11-07 01:00:00', '2025-11-07 01:00:00', 0, NULL),
    (2, 'spring', 'Spring Framework 관련 질문',                  0, '2025-11-07 01:00:00', '2025-11-07 01:00:00', 0, NULL),
    (3, 'mysql',  'MySQL 데이터베이스 관련 질문',                 0, '2025-11-07 01:00:00', '2025-11-07 01:00:00', 0, NULL),
    (4, 'jpa',    'JPA/Hibernate ORM 관련 질문',                 0, '2025-11-07 01:00:00', '2025-11-07 01:00:00', 0, NULL),
    (5, 'react',  'React.js 프론트엔드 관련 질문',               0, '2025-11-07 01:00:00', '2025-11-07 01:00:00', 0, NULL),
    (6, 'aws',    'AWS 및 클라우드 인프라 관련 질문',            0, '2025-11-07 01:00:00', '2025-11-07 01:00:00', 0, NULL),
    (7, 'security','인증/인가/보안 관련 질문',                   0, '2025-11-07 01:00:00', '2025-11-07 01:00:00', 0, NULL);

-- ---------------------------------------------------------
-- 2) 질문
--  - Q1: 채택된 답변 있음
--  - Q2: 답변 있으나 미채택
--  - Q3: 미답변
--  - Q4~Q10: 다양한 패턴
-- ---------------------------------------------------------
INSERT INTO questions
(id, user_id, title, content, view_count, vote_count, answer_count, is_answered, accepted_answer_id, last_activity_at, created_at, updated_at, is_deleted, deleted_at)
VALUES
    (101, 1, 'Spring Security에서 비로그인 시 /api 요청이 302로 리다이렉트 됩니다.',
     '로그아웃 상태에서 `/api/v1/qna/questions`를 호출하면 302가 떨어집니다.
     API는 401을 기대하는데 왜일까요?
     스크린샷: ![api-302](https://cdn.example.com/images/api-302.png)',
     123, 5, 2, 1, NULL, '2025-11-07 03:40:00', '2025-11-07 02:00:00', '2025-11-07 03:40:00', 0, NULL),

    (102, 2, 'JPA N+1 문제를 페이징 + fetch join으로 어떻게 피하나요?',
     '`@OneToMany` 컬렉션을 페이징과 함께 fetch join하려면 어떻게 해야 하나요?
     대안으로 batch size, DTO projection, secondary select 등 무엇을 쓰나요?',
     78, 2, 1, 0, NULL, '2025-11-07 03:10:00', '2025-11-07 02:10:00', '2025-11-07 03:10:00', 0, NULL),

    (103, 5, 'MySQL JSON 컬럼 인덱스 전략 문의',
     '`JSON_EXTRACT`를 자주 쓰는데, 가상 컬럼 + 인덱스가 나을까요? 혹은 InnoDB fulltext?',
     42, 0, 0, 0, NULL, '2025-11-07 02:20:00', '2025-11-07 02:20:00', '2025-11-07 02:20:00', 0, NULL),

    (104, 1, 'React에서 이미지 S3 업로드 후 마크다운으로 임베드하는 법',
     'Presigned URL로 업로드 후 CloudFront URL을 마크다운에 `![alt](url)` 로 넣고 렌더합니다.
     미리보기 깨짐 이슈 원인?',
     64, 3, 2, 0, NULL, '2025-11-07 03:35:00', '2025-11-07 02:30:00', '2025-11-07 03:35:00', 0, NULL),

    (105, 2, '태그 자동 생성 시 중복 처리/대소문자 정규화 전략',
     '`Java`와 `java`를 하나로 보고 싶습니다. 정규화 전략과 unique 인덱스 팁?',
     31, 1, 1, 0, NULL, '2025-11-07 03:15:00', '2025-11-07 02:40:00', '2025-11-07 03:15:00', 0, NULL),

    (106, 5, 'Soft Delete 데이터의 last_activity_at은 어떻게 유지하나요?',
     '삭제(논리) 이후에도 last_activity_at이 목록 정렬에 반영되어야 하나요?',
     15, 0, 0, 0, NULL, '2025-11-07 02:50:00', '2025-11-07 02:50:00', '2025-11-07 02:50:00', 0, NULL),

    (107, 1, 'JWT에서 nonce를 어디에 저장하고 어떻게 검증하나요?',
     'Google OIDC 로그인에서 nonce 불일치가 납니다. 저장 위치/만료 전략 조언 부탁.',
     58, 2, 1, 0, NULL, '2025-11-07 03:05:00', '2025-11-07 02:55:00', '2025-11-07 03:05:00', 0, NULL),

    (108, 2, '답변 채택 변경(이미 채택된 답변 교체) 로직은 어떻게?',
     '이전 채택 해제 → 새 답변 채택 순서로 처리 중. race condition 방지 트랜잭션 팁?',
     26, 0, 1, 0, NULL, '2025-11-07 03:25:00', '2025-11-07 03:00:00', '2025-11-07 03:25:00', 0, NULL),

    (109, 5, 'MySQL에서 created_at/updated_at 자동 갱신 전략',
     '`DEFAULT CURRENT_TIMESTAMP` + `ON UPDATE CURRENT_TIMESTAMP` 조합과 JPA Timestamp 차이?',
     19, 0, 0, 0, NULL, '2025-11-07 03:00:00', '2025-11-07 03:00:00', '2025-11-07 03:00:00', 0, NULL),

    (110, 1, 'React Markdown에서 XSS sanitize 필수 옵션 추천',
     'DOMPurify, sanitize-html, marked 설정 값 중 실전 예시 공유 부탁.',
     70, 4, 3, 0, NULL, '2025-11-07 03:45:00', '2025-11-07 02:35:00', '2025-11-07 03:45:00', 0, NULL);

-- ---------------------------------------------------------
-- 3) 질문-태그 매핑
-- ---------------------------------------------------------
INSERT INTO question_tags (question_id, tag_id, created_at)
VALUES
    (101, 2, NOW()),
    (101, 7, NOW()),
    (102, 4, NOW()),
    (102, 2, NOW()),
    (103, 3, NOW()),
    (104, 6, NOW()),
    (104, 5, NOW()),
    (105, 4, NOW()),
    (106, 4, NOW()),
    (107, 7, NOW()),
    (107, 2, NOW()),
    (108, 4, NOW()),
    (108, 2, NOW()),
    (109, 3, NOW()),
    (110, 5, NOW()),
    (110, 7, NOW());

-- 태그 사용 횟수(use_count) 업데이트 (실사용 시 서비스 로직에서 증가하지만, 더미에선 수동 반영)
UPDATE tags SET use_count = (
    SELECT COUNT(*) FROM question_tags qt WHERE qt.tag_id = tags.id
);

-- ---------------------------------------------------------
-- 4) 답변
--   - 일부는 채택 예정(accepted), 일부는 미채택
-- ---------------------------------------------------------
INSERT INTO answers
(id, question_id, user_id, content, vote_count, is_accepted, created_at, updated_at, is_deleted, deleted_at)
VALUES
-- Q101: 2개의 답변, 나중에 하나 채택 처리
(201, 101, 2,
 'API 체인을 `/api/**`로 분리하고 authenticationEntryPoint에서 401을 반환하세요.
 예: `@Order(1) SecurityFilterChain api(...)`', 3, 0,
 '2025-11-07 02:20:00', '2025-11-07 03:10:00', 0, NULL),
(202, 101, 5,
 '비로그인 302는 폼 로그인용 엔트리포인트 때문입니다.
 `exceptionHandling().authenticationEntryPoint((req,res,e)->res.sendError(401))`', 5, 1,
 '2025-11-07 02:30:00', '2025-11-07 03:40:00', 0, NULL),

-- Q102: 1개(미채택)
(203, 102, 1,
 '페이징+fetch join은 어렵습니다. 컬렉션은 지연로딩 + `@BatchSize` or DTO projection 권장.', 2, 0,
 '2025-11-07 02:40:00', '2025-11-07 03:05:00', 0, NULL),

-- Q104: 2개(미채택)
(204, 104, 2,
 '업로드 직후 CDN invalidation 지연으로 미리보기 깨질 수 있습니다. 캐시 제어 확인하세요.', 1, 0,
 '2025-11-07 03:10:00', '2025-11-07 03:20:00', 0, NULL),
(205, 104, 5,
 '마크다운 렌더러의 이미지 사이즈 스타일이 문제일 수 있어요. `max-width: 100%` 적용을 권장.', 0, 0,
 '2025-11-07 03:15:00', '2025-11-07 03:15:00', 0, NULL),

-- Q105: 1개
(206, 105, 1,
 '저장 전 `lower(name)`로 정규화하고 unique index는 lower된 컬럼에 거세요.', 1, 0,
 '2025-11-07 03:05:00', '2025-11-07 03:12:00', 0, NULL),

-- Q107: 1개
(207, 107, 2,
 'nonce는 세션/스토리지에 저장하고 ID 토큰의 nonce와 비교하세요. 만료 5분 권장.', 1, 0,
 '2025-11-07 03:00:00', '2025-11-07 03:05:00', 0, NULL),

-- Q108: 1개
(208, 108, 5,
 '트랜잭션 경계에서 이전 채택 해제 → 새 채택 → flush 순으로 처리하고 row-level lock 고려.', 0, 0,
 '2025-11-07 03:10:00', '2025-11-07 03:20:00', 0, NULL),

-- Q110: 3개
(209, 110, 2,
 'DOMPurify 사용 시 `ALLOWED_URI_REGEXP`와 `ADD_ATTR`로 이미지 관련 속성 화이트리스트 지정.', 2, 0,
 '2025-11-07 03:20:00', '2025-11-07 03:35:00', 0, NULL),
(210, 110, 5,
 '`sanitize-html`에서 `allowedSchemesByTag`로 img/data 스킴 제어 가능합니다.', 1, 0,
 '2025-11-07 03:25:00', '2025-11-07 03:30:00', 0, NULL),
(211, 110, 1,
 '`marked`를 쓴다면 렌더 전 sanitize 단계 필수. 서버측도 재검증하세요.', 0, 0,
 '2025-11-07 03:28:00', '2025-11-07 03:28:00', 0, NULL);

-- Q101 채택 반영 (accepted_answer_id = 202)
UPDATE questions
SET is_answered = 1, accepted_answer_id = 202, answer_count = 2, vote_count = 5, last_activity_at = '2025-11-07 03:40:00', updated_at='2025-11-07 03:40:00'
WHERE id = 101;

-- 나머지 질문들의 answer_count 대략치 반영 (실서비스에선 트리거/서비스 로직)
UPDATE questions SET answer_count = 1, last_activity_at='2025-11-07 03:10:00', updated_at='2025-11-07 03:10:00' WHERE id = 102;
UPDATE questions SET answer_count = 0 WHERE id = 103;
UPDATE questions SET answer_count = 2, last_activity_at='2025-11-07 03:35:00', updated_at='2025-11-07 03:35:00' WHERE id = 104;
UPDATE questions SET answer_count = 1, last_activity_at='2025-11-07 03:15:00', updated_at='2025-11-07 03:15:00' WHERE id = 105;
UPDATE questions SET answer_count = 0 WHERE id = 106;
UPDATE questions SET answer_count = 1, last_activity_at='2025-11-07 03:05:00', updated_at='2025-11-07 03:05:00' WHERE id = 107;
UPDATE questions SET answer_count = 1, last_activity_at='2025-11-07 03:25:00', updated_at='2025-11-07 03:25:00' WHERE id = 108;
UPDATE questions SET answer_count = 0 WHERE id = 109;
UPDATE questions SET answer_count = 3, last_activity_at='2025-11-07 03:45:00', updated_at='2025-11-07 03:45:00' WHERE id = 110;

-- ---------------------------------------------------------
-- 5) 질문 추천 (중복 방지 UNIQUE(question_id, user_id))
-- ---------------------------------------------------------
INSERT INTO question_votes (id, question_id, user_id, created_at)
VALUES
    (301, 101, 1, '2025-11-07 02:10:00'),
    (302, 101, 2, '2025-11-07 02:15:00'),
    (303, 101, 5, '2025-11-07 03:35:00'),
    (304, 104, 1, '2025-11-07 03:20:00'),
    (305, 104, 2, '2025-11-07 03:25:00'),
    (306, 110, 1, '2025-11-07 03:35:00'),
    (307, 110, 2, '2025-11-07 03:40:00'),
    (308, 110, 5, '2025-11-07 03:42:00'),
    (309, 105, 2, '2025-11-07 03:10:00');

-- ---------------------------------------------------------
-- 6) 답변 추천 (중복 방지 UNIQUE(answer_id, user_id))
-- ---------------------------------------------------------
INSERT INTO answer_votes (id, answer_id, user_id, created_at)
VALUES
    (401, 202, 1, '2025-11-07 03:38:00'),
    (402, 202, 2, '2025-11-07 03:39:00'),
    (403, 201, 1, '2025-11-07 03:00:00'),
    (404, 203, 5, '2025-11-07 03:08:00'),
    (405, 209, 5, '2025-11-07 03:33:00'),
    (406, 210, 2, '2025-11-07 03:34:00');

-- ---------------------------------------------------------
-- 7) 댓글 (질문/답변)
-- ---------------------------------------------------------
INSERT INTO question_comments
(id, question_id, user_id, content, created_at, updated_at, is_deleted, deleted_at)
VALUES
    (501, 101, 2, '동일 증상 겪었습니다. API 체인 분리로 해결됐어요.', '2025-11-07 02:25:00', '2025-11-07 02:25:00', 0, NULL),
    (502, 101, 5, '프록시 환경이면 X-Forwarded-Proto도 확인해보세요.', '2025-11-07 02:35:00', '2025-11-07 02:35:00', 0, NULL),
    (503, 104, 1, '이미지 예시는 어떤 브라우저에서 깨지나요?', '2025-11-07 03:18:00', '2025-11-07 03:18:00', 0, NULL),
    (504, 110, 2, '서버측 sanitize도 꼭 넣어주세요.', '2025-11-07 03:36:00', '2025-11-07 03:36:00', 0, NULL);

INSERT INTO answer_comments
(id, answer_id, user_id, content, created_at, updated_at, is_deleted, deleted_at)
VALUES
    (601, 202, 1, '덕분에 바로 해결됐습니다. 감사합니다!', '2025-11-07 03:41:00', '2025-11-07 03:41:00', 0, NULL),
    (602, 203, 2, 'BatchSize는 어느 정도부터 체감 효과가 있을까요?', '2025-11-07 03:09:00', '2025-11-07 03:09:00', 0, NULL),
    (603, 209, 1, 'img data 스킴은 제한하는 게 안전하겠네요.', '2025-11-07 03:37:00', '2025-11-07 03:37:00', 0, NULL);

COMMIT;
SET SQL_SAFE_UPDATES = 1;

-- 뷰/추천/답변 수 같은 캐시 필드는 서비스에서 갱신하되,
-- 더미 테스트 시엔 위 UPDATE로 대략적 합 맞춰둠.

-- ---------------------------------------------------------
-- 추가 질문 30개 (ID: 111 ~ 140)
-- ---------------------------------------------------------

INSERT INTO questions
(id, user_id, title, content, view_count, vote_count, answer_count, is_answered,
 accepted_answer_id, last_activity_at, created_at, updated_at, is_deleted, deleted_at)
VALUES
    (112, 2, 'React useEffect 무한 반복 렌더링 문제',
     '`setState` 호출 시 의존성 배열이 예상치 못한 루프로 이어집니다. 해결 방법 요청합니다.',
     28,0,0,0,NULL,'2025-11-07 04:02:00','2025-11-07 03:52:00','2025-11-07 04:02:00',0,NULL),

    (113, 5, 'MySQL INDEX 힌트 사용이 비효율적인 이유?',
     '`FORCE INDEX` 사용 시 오히려 성능이 떨어졌습니다. 어떤 경우에 힌트를 쓰는게 맞나요?',
     17,0,0,0,NULL,'2025-11-07 04:04:00','2025-11-07 03:53:00','2025-11-07 04:04:00',0,NULL),

    (114, 1, 'JPA @Transactional(readOnly=true)에서 INSERT가 가능한 이유',
     '테스트 중 readOnly 트랜잭션에서도 insert가 반영됩니다. 이유가 뭔가요?',
     38,2,0,0,NULL,'2025-11-07 04:06:00','2025-11-07 03:54:00','2025-11-07 04:06:00',0,NULL),

    (115, 2, 'React Markdown 렌더링 시 script 태그 차단 방법',
     'sanitize 옵션을 넣었는데도 특정 이벤트 속성이 살아있습니다. 완전 차단 전략은?',
     49,1,0,0,NULL,'2025-11-07 04:08:00','2025-11-07 03:55:00','2025-11-07 04:08:00',0,NULL),

    (116, 5, 'Spring Boot 파일 업로드 시 MultipartFile null 문제',
     'nginx reverse proxy 환경에서 파일이 전달되지 않습니다. 원인이 무엇일까요?',
     22,0,0,0,NULL,'2025-11-07 04:10:00','2025-11-07 03:55:30','2025-11-07 04:10:00',0,NULL),

    (117, 3, 'MySQL DEADLOCK 발생 패턴 분석 요청',
     '특정 UPDATE 쿼리에서 간헐적으로 deadlock이 납니다. 트랜잭션 분리 전략 조언 부탁드립니다.',
     19,0,0,0,NULL,'2025-11-07 04:12:00','2025-11-07 03:56:00','2025-11-07 04:12:00',0,NULL),

    (118, 4, 'JPA 컬렉션 MAPPING에서 orphanRemoval이 먹히지 않습니다.',
     'FK가 NULL 처리되지 않고 삭제도 동작하지 않습니다. 조건이 뭔가요?',
     39,1,0,0,NULL,'2025-11-07 04:14:00','2025-11-07 03:57:00','2025-11-07 04:14:00',0,NULL),

    (119, 1, 'React Router에서 새로고침 시 404 나는 문제',
     'S3 + CloudFront 조합에서 SPA 라우팅이 깨지는 문제 해결법은?',
     61,2,0,0,NULL,'2025-11-07 04:16:00','2025-11-07 03:58:00','2025-11-07 04:16:00',0,NULL),

    (120, 2, 'MySQL 정규화 vs 비정규화 전략 질문',
     '대규모 읽기 서비스에서는 어느 정도까지 비정규화가 권장될까요?',
     18,1,0,0,NULL,'2025-11-07 04:18:00','2025-11-07 03:59:00','2025-11-07 04:18:00',0,NULL),

    (121, 5, 'Spring Scheduler가 일정 주기보다 늦게 실행됩니다.',
     '스레드 풀 문제인지 확인이 필요합니다. 다른 원인 있을까요?',
     13,0,0,0,NULL,'2025-11-07 04:20:00','2025-11-07 03:59:30','2025-11-07 04:20:00',0,NULL),

    (122, 3, 'React 비상태 스타일링 시 rerender 없이 스타일 변경 가능?',
     '상태 변경 없이 element에 스타일 적용하는 방법이 있을까요?',
     17,0,0,0,NULL,'2025-11-07 04:22:00','2025-11-07 04:00:00','2025-11-07 04:22:00',0,NULL),

    (123, 1, 'MySQL bigint vs uuid4 PK 선택 기준',
     '대규모 시스템에서 pk 선택을 uuid로 가도 괜찮을까요?',
     22,1,0,0,NULL,'2025-11-07 04:24:00','2025-11-07 04:01:00','2025-11-07 04:24:00',0,NULL),

    (124, 2, 'Spring WebClient timeout 전략 정리 요청',
     'connection/read/write timeout 기본값과 올바른 설정 조합이 궁금합니다.',
     29,0,0,0,NULL,'2025-11-07 04:26:00','2025-11-07 04:02:00','2025-11-07 04:26:00',0,NULL),

    (125, 3, 'React Query staleTime과 cacheTime 차이가 헷갈립니다.',
     '두 옵션의 정확한 동작 시나리오 설명이 필요합니다.',
     35,1,0,0,NULL,'2025-11-07 04:28:00','2025-11-07 04:03:00','2025-11-07 04:28:00',0,NULL),

    (126, 4, 'JPA LazyInitializationException 발생 원리 설명 부탁',
     'OSIV 비활성화 환경에서 어떤 지점에서 Lazy가 터지는지 구체적 시나리오 궁금합니다.',
     41,2,0,0,NULL,'2025-11-07 04:30:00','2025-11-07 04:04:00','2025-11-07 04:30:00',0,NULL),

    (127, 5, 'NestJS vs Spring Boot 선택 기준이 궁금합니다.',
     '둘 다 해보신 분들, 규모/성능/생태계 측면 의견 부탁드립니다.',
     58,3,0,0,NULL,'2025-11-07 04:32:00','2025-11-07 04:05:00','2025-11-07 04:32:00',0,NULL),

    (128, 2, 'MySQL 파티셔닝이 실제 성능 향상에 도움이 되나요?',
     'OLTP 환경에서도 이득이 있는지 궁금합니다.',
     24,0,0,0,NULL,'2025-11-07 04:34:00','2025-11-07 04:06:00','2025-11-07 04:34:00',0,NULL),

    (129, 3, 'React memo 사용 시 성능 체감이 거의 없는 이유?',
     '`memo`가 언제 효과 있고, 언제 오히려 손해인가요?',
     21,0,0,0,NULL,'2025-11-07 04:36:00','2025-11-07 04:07:00','2025-11-07 04:36:00',0,NULL),

    (130, 1, 'Spring Boot @Async 예외 처리 방법 문의',
     'async 메소드 내부에서 발생한 예외를 잡아 로깅하고 알림 보내고 싶습니다.',
     32,1,0,0,NULL,'2025-11-07 04:38:00','2025-11-07 04:08:00','2025-11-07 04:38:00',0,NULL),

    (131, 2, 'MySQL 쿼리 성능 튜닝 시 실행 계획을 어떻게 읽나요?',
     'type, key, rows, Extra 항목 해석 팁 요청합니다.',
     18,0,0,0,NULL,'2025-11-07 04:40:00','2025-11-07 04:09:00','2025-11-07 04:40:00',0,NULL),

    (132, 4, 'React textarea 자동 높이 조절 방법',
     'ref 기반 auto-resize 구현 팁 있을까요?',
     25,0,0,0,NULL,'2025-11-07 04:42:00','2025-11-07 04:10:00','2025-11-07 04:42:00',0,NULL),

    (133, 5, 'Spring Cloud AWS S3 client 설정 오류',
     'LocalStack 환경에서 credential 오류가 납니다. 해결 팁?',
     19,0,0,0,NULL,'2025-11-07 04:44:00','2025-11-07 04:11:00','2025-11-07 04:44:00',0,NULL),

    (134, 3, 'MySQL 쿼리 캐시가 삭제된 이유?',
     '쿼리 캐시가 비활성된 이유와 대안에 대해 알고 싶습니다.',
     31,1,0,0,NULL,'2025-11-07 04:46:00','2025-11-07 04:12:00','2025-11-07 04:46:00',0,NULL),

    (135, 1, 'React Suspense 실전 적용하기 어렵습니다.',
     '백엔드 API 환경에서 suspense를 어떻게 적용하나요?',
     23,0,0,0,NULL,'2025-11-07 04:48:00','2025-11-07 04:13:00','2025-11-07 04:48:00',0,NULL),

    (136, 2, 'JPA flush 타이밍을 명확하게 알고 싶습니다.',
     '트랜잭션 안에서 flush가 언제 어떻게 호출되는지 내부 동작 설명 바랍니다.',
     46,2,0,0,NULL,'2025-11-07 04:50:00','2025-11-07 04:14:00','2025-11-07 04:50:00',0,NULL),

    (137, 4, 'React + Firebase Auth 세션 유지 전략',
     'refresh token 처리 방식이 헷갈립니다. 로직 팁?',
     27,1,0,0,NULL,'2025-11-07 04:52:00','2025-11-07 04:15:00','2025-11-07 04:52:00',0,NULL),

    (138, 3, 'MySQL 샤딩 전략 선택 가이드',
     'hash 기반, range 기반 각각 어떤 시나리오에 적합한가요?',
     26,0,0,0,NULL,'2025-11-07 04:54:00','2025-11-07 04:16:00','2025-11-07 04:54:00',0,NULL),

    (139, 1, 'React Zustand와 Redux 선택 기준',
     '규모가 커질수록 어떤 스토어가 더 유지보수 쉬운가요?',
     37,1,0,0,NULL,'2025-11-07 04:56:00','2025-11-07 04:17:00','2025-11-07 04:56:00',0,NULL),

    (140, 5, 'Spring Boot 대용량 파일 다운로드 최적화',
     'StreamResponseBody 사용 시 메모리 사용량을 낮추는 방법 있을까요?',
     41,2,0,0,NULL,'2025-11-07 04:58:00','2025-11-07 04:18:00','2025-11-07 04:58:00',0,NULL);

